Postal Code,Place Name,Province
T0A,Eastern Alberta (St. Paul),Alberta
T0B,Wainwright Region (Tofield),Alberta
T0C,Central Alberta (Stettler),Alberta
T0E,Western Alberta (Jasper),Alberta
T0G,North Central Alberta (Slave Lake),Alberta
T0H,Northwestern Alberta (High Level),Alberta
T0J,Southeastern Alberta (Drumheller),Alberta
T0K,International Border Region (Cardston),Alberta
T0L,Kananaskis Country (Claresholm),Alberta
T0M,Central Foothills (Sundre),Alberta
T0P,Northeastern Alberta (Fort Chipewyan),Alberta
T0V,Remote Northeast (Fitzgerald),Alberta
T1A,Medicine Hat Central,Alberta
T1B,Medicine Hat South,Alberta
T1C,Medicine Hat North,Alberta
T1G,Taber,Alberta
T1H,Lethbridge North,Alberta
T1J,Lethbridge West and Central,Alberta
T1K,Lethbridge Southeast,Alberta
T1L,Banff,Alberta
T1M,Coaldale,Alberta
T1P,Strathmore,Alberta
T1R,Brooks,Alberta
T1S,Okotoks,Alberta
T1V,High River,Alberta
T1W,Canmore,Alberta
T1X,Chestermere,Alberta
T1Y,Calgary (Rundle / Whitehorn / Monterey Park),Alberta
T2A,Calgary (Penbrooke Meadows / Marlborough),Alberta
T2B,Calgary (Forest Lawn / Dover / Erin Woods),Alberta
T2C,Calgary (Lynnwood Ridge / Ogden / Foothills Industrial / Great Plains),Alberta
T2E,Calgary (Bridgeland / Greenview / Zoo / YYC),Alberta
T2G,Calgary (Inglewood / Burnsland / Chinatown / East Victoria Park / Saddledome),Alberta
T2H,Calgary (Highfield / Burns Industrial),Alberta
T2J,Calgary (Queensland Downs / Lake Bonavista / Willow Park / Acadia),Alberta
T2K,Calgary (Thornecliffe / Tuxedo),Alberta
T2L,Calgary (Brentwood / Collingwood / Nose Hill),Alberta
T2M,Calgary (Mount Pleasant / Capitol Hill / Banff Trail),Alberta
T2N,Calgary (Kensington / Westmont / Parkdale / University),Alberta
T2P,Calgary (City Centre / Calgary Tower),Alberta
T2R,Calgary (Connaught / West Victoria Park),Alberta
T2S,Calgary (Elbow Park / Britannia / Parkhill / Mission),Alberta
T2T,Calgary South (Altadore / Bankview / Richmond),Alberta
T2V,Calgary (Oak Ridge / Haysboro / Kingsland / Windsor Park),Alberta
T2W,Calgary (Braeside / Woodbine),Alberta
T2X,Calgary (Midnapore / Sundance),Alberta
T2Y,Calgary (Millrise / Somerset / Bridlewood / Evergreen),Alberta
T2Z,Calgary (Douglas Glen / McKenzie Lake / Copperfield / East Shepard),Alberta
T3A,Calgary (Dalhousie / Edgemont / Hamptons / Hidden Valley),Alberta
T3B,Calgary (Montgomery / Bowness / Silver Springs / Greenwood),Alberta
T3C,Calgary (Rosscarrock / Wildwood / Shaganappi / Sunalta),Alberta
T3E,Calgary (Lakeview / Glendale / Killarney / Glamorgan),Alberta
T3G,Calgary (Hawkwood / Arbour Lake / Royal Oak / Rocky Ridge),Alberta
T3H,Calgary (Discovery Ridge / Signal Hill / Aspen Woods / Patterson / Cougar Ridge),Alberta
T3J,Calgary (Martindale / Taradale / Falconridge / Saddle Ridge),Alberta
T3K,Calgary (Sandstone / Harvest Hills / Coventry Hills / Panorama Hills / Beddington),Alberta
T3L,Calgary (Tuscany / Scenic Acres),Alberta
T3M,Calgary (Cranston),Alberta
T3N,Calgary Northeast,Alberta
T3P,Calgary (Symons Valley),Alberta
T3R,Calgary Northwest,Alberta
T3Z,Redwood Meadows,Alberta
T4A,Airdrie East,Alberta
T4B,Airdrie West,Alberta
T4C,Cochrane,Alberta
T4E,Red Deer County,Alberta
T4G,Innisfail,Alberta
T4H,Olds,Alberta
T4J,Ponoka,Alberta
T4L,Lacombe,Alberta
T4N,Red Deer Central,Alberta
T4P,Red Deer North,Alberta
T4R,Red Deer South,Alberta
T4S,Sylvan Lake,Alberta
T4T,Rocky Mountain House,Alberta
T4V,Camrose,Alberta
T4X,Beaumont,Alberta
T5A,Edmonton (West Clareview / East Londonderry),Alberta
T5B,Edmonton (East North Central / West Beverly),Alberta
T5C,Edmonton (Central Londonderry),Alberta
T5E,Edmonton (West Londonderry / East Calder),Alberta
T5G,Edmonton (North Central / Queen Mary Park / YXD),Alberta
T5H,Edmonton (North and East Downtown Fringe),Alberta
T5J,Edmonton (North Downtown),Alberta
T5K,Edmonton (South Downtown / South Downtown Fringe),Alberta
T5L,Edmonton (North Westmount / West Calder / East Mistatim),Alberta
T5M,Edmonton (South Westmount / Groat Estate / East Northwest Industrial),Alberta
T5N,Edmonton (Glenora / SW Downtown Fringe),Alberta
T5P,Edmonton (North Jasper Place),Alberta
T5R,Edmonton (Central Jasper Place / Buena Vista),Alberta
T5S,Edmonton (West Northwest Industrial / Winterburn),Alberta
T5T,Edmonton West (West Jasper Place / West Edmonton Mall),Alberta
T5V,Edmonton (Central Mistatim),Alberta
T5W,Edmonton (Central Beverly),Alberta
T5X,Edmonton (East Castledowns),Alberta
T5Y,Edmonton (Landbank / Oliver / East Lake District),Alberta
T5Z,Edmonton (West Lake District),Alberta
T6A,Edmonton (North Capilano),Alberta
T6B,Edmonton (SE Capilano / West Southeast Industrial / East Bonnie Doon),Alberta
T6C,Edmonton (Central Bonnie Doon),Alberta
T6E,Edmonton (South Bonnie Doon / East University),Alberta
T6G,Edmonton (West University / Strathcona Place),Alberta
T6H,Edmonton (Southgate / North Riverbend),Alberta
T6J,Edmonton (Kaskitayo),Alberta
T6K,Edmonton (West Mill Woods),Alberta
T6L,Edmonton (East Mill Woods),Alberta
T6M,Edmonton Southwest,Alberta
T6N,Edmonton (South Industrial),Alberta
T6P,Edmonton (East Southeast Industrial / South Clover Bar),Alberta
T6R,Edmonton (Riverbend),Alberta
T6S,Edmonton (North Clover Bar),Alberta
T6T,Edmonton (Meadows),Alberta
T6V,Edmonton (West Castledowns),Alberta
T6W,Edmonton (Heritage Valley),Alberta
T6X,Edmonton (Ellerslie),Alberta
T7A,Drayton Valley,Alberta
T7E,Edson,Alberta
T7N,Barrhead,Alberta
T7P,Westlock,Alberta
T7S,Whitecourt,Alberta
T7V,Hinton,Alberta
T7X,Spruce Grove North,Alberta
T7Y,Spruce Grove South,Alberta
T7Z,Stony Plain,Alberta
T8A,Sherwood Park West,Alberta
T8B,Sherwood Park Outer Southwest,Alberta
T8C,Sherwood Park Inner Southwest,Alberta
T8E,Sherwood Park Central,Alberta
T8G,Sherwood Park East,Alberta
T8H,Sherwood Park Northwest,Alberta
T8L,Fort Saskatchewan,Alberta
T8N,St. Albert,Alberta
T8R,Morinville,Alberta
T8S,Peace River,Alberta
T8V,Grande Prairie Central,Alberta
T8W,Grande Prairie South,Alberta
T8X,Grande Prairie East,Alberta
T9A,Wetaskiwin,Alberta
T9C,Vegreville,Alberta
T9E,Leduc,Alberta
T9G,Devon,Alberta
T9H,Fort McMurray Outer Central,Alberta
T9J,Fort McMurray Inner Central,Alberta
T9K,Fort McMurray Northwest,Alberta
T9M,Cold Lake,Alberta
T9N,Bonnyville,Alberta
T9S,Athabasca,Alberta
T9V,Lloydminster,Alberta
T9W,Wainwright,Alberta
T9X,Vermilion,Alberta
V0A,Upper Columbia Region (Golden),British Columbia
V0B,East Kootenays (Fernie),British Columbia
V0C,Northern British Columbia (Fort Nelson),British Columbia
V0E,Central Okanagan and High Country (Revelstoke),British Columbia
V0G,West Kootenays (Rossland),British Columbia
V0H,South Okanagan (Summerland),British Columbia
V0J,Omineca and Yellowhead (Smithers),British Columbia
V0K,Cariboo and West Okanagan (100 Mile House),British Columbia
V0L,Chilcotin (Alexis Creek),British Columbia
V0M,Harrison Lake Region (Agassiz),British Columbia
V0N,"North Island, Sunshine Coast, and Southern Gulf Islands (Whistler)",British Columbia
V0P,North Central Island and Bute Inlet Region (Gold River),British Columbia
V0R,Central Island (Chemainus),British Columbia
V0S,Juan de Fuca Shore (Sooke),British Columbia
V0T,Inside Passage and the Queen Charlottes (Queen Charlotte City),British Columbia
V0V,Lower Skeena (Port Edward),British Columbia
V0W,Atlin Region (Atlin),British Columbia
V0X,Similkameen (Hope),British Columbia
V1A,Kimberley,British Columbia
V1B,Vernon East,British Columbia
V1C,Cranbrook,British Columbia
V1E,Salmon Arm,British Columbia
V1G,Dawson Creek,British Columbia
V1H,Vernon West,British Columbia
V1J,Fort St. John,British Columbia
V1K,Merritt,British Columbia
V1L,Nelson,British Columbia
V1M,Langley Township North,British Columbia
V1N,Castlegar,British Columbia
V1P,Kelowna East,British Columbia
V1R,Trail,British Columbia
V1S,Kamloops Southwest,British Columbia
V1T,Vernon Central,British Columbia
V1V,Kelowna North,British Columbia
V1W,Kelowna Southwest,British Columbia
V1X,Kelowna East Central,British Columbia
V1Y,Kelowna Central,British Columbia
V1Z,Kelowna West,British Columbia
V2A,Penticton,British Columbia
V2B,Kamloops Northwest,British Columbia
V2C,Kamloops Central and Southeast,British Columbia
V2E,Kamloops South and West,British Columbia
V2G,Williams Lake,British Columbia
V2H,Kamloops North,British Columbia
V2J,Quesnel,British Columbia
V2K,Prince George North,British Columbia
V2L,Prince George East Central,British Columbia
V2M,Prince George West Central,British Columbia
V2N,Prince George South,British Columbia
V2P,Chilliwack Central,British Columbia
V2R,Chilliwack West,British Columbia
V2S,Abbotsford Southeast,British Columbia
V2T,Abbotsford Southwest,British Columbia
V2V,Mission East,British Columbia
V2W,Maple Ridge East,British Columbia
V2X,Maple Ridge West,British Columbia
V2Y,Langley Township Northwest,British Columbia
V2Z,Langley Township Southwest,British Columbia
V3A,Langley City,British Columbia
V3B,Port Coquitlam Central,British Columbia
V3C,Port Coquitlam South,British Columbia
V3E,Port Coquitlam North,British Columbia
V3G,Abbotsford East,British Columbia
V3H,Port Moody,British Columbia
V3J,Coquitlam North,British Columbia
V3K,Coquitlam South,British Columbia
V3L,New Westminster Northeast,British Columbia
V3M,New Westminster Southwest (Includes Annacis Island),British Columbia
V3N,Burnaby (East Big Bend / Stride Avenue / Edmonds / Cariboo-Armstrong),British Columbia
V3R,Surrey North,British Columbia
V3S,Surrey East,British Columbia
V3T,Surrey Inner Northwest,British Columbia
V3V,Surrey Outer Northwest,British Columbia
V3W,Surrey Upper West,British Columbia
V3X,Surrey Lower West,British Columbia
V3Y,Pitt Meadows,British Columbia
V4A,Surrey Southwest,British Columbia
V4B,White Rock,British Columbia
V4C,Delta Northeast,British Columbia
V4E,Delta East,British Columbia
V4G,Delta East Central,British Columbia
V4K,Delta Central,British Columbia
V4L,Delta Southeast,British Columbia
V4M,Delta Southwest,British Columbia
V4N,Surrey Northeast,British Columbia
V4P,Surrey South,British Columbia
V4R,Maple Ridge Northwest,British Columbia
V4S,Mission West,British Columbia
V4T,Westbank,British Columbia
V4V,Winfield,British Columbia
V4W,Langley Township East,British Columbia
V4X,Abbotsford West,British Columbia
V4Z,Chilliwack East,British Columbia
V5A,Burnaby (Government Road / Lake City / SFU / Burnaby Mountain),British Columbia
V5B,Burnaby (Parkcrest-Aubrey / Ardingley-Sprott),British Columbia
V5C,Burnaby (Burnaby Heights / Willingdon Heights / West Central Valley),British Columbia
V5E,Burnaby (Lakeview-Mayfield / Richmond Park / Kingsway-Beresford),British Columbia
V5G,Burnaby (Cascade-Schou / Douglas-Gilpin),British Columbia
V5H,Burnaby (Maywood / Marlborough / Oakalla / Windsor),British Columbia
V5J,Burnaby (Suncrest / Sussex-Nelson / Clinton-Glenwood / West Big Bend),British Columbia
V5K,Vancouver (North Hastings- Sunrise),British Columbia
V5L,Vancouver (North Grandview- Woodlands),British Columbia
V5M,Vancouver (South Hastings-Sunrise / North Renfrew- Collingwood),British Columbia
V5N,Vancouver (South Grandview- Woodlands / NE Kensington),British Columbia
V5P,Vancouver (SE Kensington / Victoria- Fraserview),British Columbia
V5R,Vancouver (South Renfrew- Collingwood),British Columbia
V5S,Vancouver (Killarney),British Columbia
V5T,Vancouver (East Mount Pleasant),British Columbia
V5V,Vancouver (West Kensington / NE Riley Park- Little Mountain),British Columbia
V5W,Vancouver (SE Riley Park- Little Mountain / SW Kensington / NE Oakridge / North Sunset),British Columbia
V5X,Vancouver (SE Oakridge / East Marpole / South Sunset),British Columbia
V5Y,Vancouver (West Mount Pleasant / West Riley Park- Little Mountain),British Columbia
V5Z,Vancouver (East Fairview / South Cambie),British Columbia
V6A,Vancouver (Strathcona / Chinatown / Downtown Eastside),British Columbia
V6B,Vancouver (NE Downtown / Harbour Centre / Gastown / Yaletown),British Columbia
V6C,Vancouver (Waterfront / Coal Harbour / Canada Place),British Columbia
V6E,Vancouver (South West End),British Columbia
V6G,Vancouver (North West End / Stanley Park),British Columbia
V6H,Vancouver (West Fairview / Granville Island / NE Shaughnessy),British Columbia
V6J,Vancouver (NW Shaughnessy / East Kitsilano / Quilchena),British Columbia
V6K,Vancouver (Central Kitsilano),British Columbia
V6L,Vancouver (NW Arbutus Ridge),British Columbia
V6M,Vancouver (South Shaughnessy / NW Oakridge / NE Kerrisdale / SE Arbutus Ridge),British Columbia
V6N,Vancouver (Dunbar- Southlands / Musqueam),British Columbia
V6P,Vancouver (SE Kerrisdale / SW Oakridge / West Marpole),British Columbia
V6R,Vancouver (West Kitsilano / Jericho),British Columbia
V6S,Vancouver (Chaldecutt / South University Endowment Lands),British Columbia
V6T,Vancouver (UBC),British Columbia
V6V,Richmond Northeast,British Columbia
V6W,Richmond Southeast,British Columbia
V6X,Richmond North,British Columbia
V6Y,Richmond Central,British Columbia
V6Z,Vancouver (SW Downtown),British Columbia
V7A,Richmond South,British Columbia
V7B,Richmond (Sea Island / YVR),British Columbia
V7C,Richmond West,British Columbia
V7E,Richmond Southwest,British Columbia
V7G,North Vancouver Outer East,British Columbia
V7H,North Vancouver Inner East,British Columbia
V7J,North Vancouver East Central,British Columbia
V7K,North Vancouver North Central,British Columbia
V7L,North Vancouver South Central,British Columbia
V7M,North Vancouver Southwest Central,British Columbia
V7N,North Vancouver Northwest Central,British Columbia
V7P,North Vancouver Southwest,British Columbia
V7R,North Vancouver Northwest,British Columbia
V7S,West Vancouver North,British Columbia
V7T,West Vancouver Southeast,British Columbia
V7V,West Vancouver South,British Columbia
V7W,West Vancouver West,British Columbia
V7X,Vancouver (Bentall Centre),British Columbia
V7Y,Vancouver (Pacific Centre),British Columbia
V8A,Powell River,British Columbia
V8B,Squamish,British Columbia
V8C,Kitimat,British Columbia
V8G,Terrace,British Columbia
V8J,Prince Rupert,British Columbia
V8K,Saltspring Island,British Columbia
V8L,Sidney,British Columbia
V8M,Central Saanich,British Columbia
V8N,Saanich East,British Columbia
V8P,Saanich Southeast,British Columbia
V8R,Oak Bay North,British Columbia
V8S,Oak Bay South,British Columbia
V8T,Victoria North,British Columbia
V8V,Victoria South,British Columbia
V8W,Victoria Central British Columbia Provincial Government,British Columbia
V8X,Saanich South,British Columbia
V8Y,Saanich North,British Columbia
V8Z,Saanich Central,British Columbia
V9A,Esquimalt,British Columbia
V9B,Highlands,British Columbia
V9C,Metchosin,British Columbia
V9E,Saanich West,British Columbia
V9G,Ladysmith,British Columbia
V9H,Campbell River Outskirts,British Columbia
V9J,Courtenay Northern Outskirts,British Columbia
V9K,Qualicum Beach,British Columbia
V9L,Duncan,British Columbia
V9M,Comox,British Columbia
V9N,Courtenay Central,British Columbia
V9P,Parksville,British Columbia
V9R,Nanaimo South,British Columbia
V9S,Nanaimo Central,British Columbia
V9T,Nanaimo North,British Columbia
V9V,Nanaimo Northwest,British Columbia
V9W,Campbell River Central,British Columbia
V9X,Cedar,British Columbia
V9Y,Port Alberni,British Columbia
R0A,Southeastern Manitoba (Lorette),Manitoba
R0B,Northern Manitoba (Norway House),Manitoba
R0C,North Interlake (Stonewall),Manitoba
R0E,Eastern Manitoba (Beausejour),Manitoba
R0G,South Central Manitoba (Altona),Manitoba
R0H,South Interlake (MacGregor),Manitoba
R0J,Riding Mountain (Neepawa),Manitoba
R0K,Brandon Region (Killarney),Manitoba
R0L,Western Manitoba (Swan River),Manitoba
R0M,Southwestern Manitoba (Virden),Manitoba
R1A,Selkirk,Manitoba
R1B,Lockport,Manitoba
R1N,Portage la Prairie,Manitoba
R2C,Winnipeg (Transcona),Manitoba
R2E,East St. Paul,Manitoba
R2G,Winnipeg (River East North),Manitoba
R2H,Winnipeg (St. Boniface NW),Manitoba
R2J,Winnipeg (St. Boniface NE),Manitoba
R2K,Winnipeg (River East Central),Manitoba
R2L,Winnipeg (River East South),Manitoba
R2M,Winnipeg (St. Vital North),Manitoba
R2N,Winnipeg (St. Vital SW),Manitoba
R2P,Winnipeg (Seven Oaks West),Manitoba
R2R,Winnipeg (Inkster West),Manitoba
R2V,Winnipeg (Seven Oaks East),Manitoba
R2W,Winnipeg (Point Douglas East),Manitoba
R2X,Winnipeg (Point Douglas West / Inkster East),Manitoba
R2Y,Winnipeg (St. James-Assiniboia NW),Manitoba
R3A,Winnipeg (Centennial),Manitoba
R3B,Winnipeg (Chinatown / Civic Centre / Exchange District),Manitoba
R3C,Winnipeg (Broadway / The Forks / Portage and Main) Manitoba Provincial Government,Manitoba
R3E,Winnipeg (Sargent Park / Daniel McIntyre / Inkster SE),Manitoba
R3G,Winnipeg (Minto / St. Mathews / Wolseley),Manitoba
R3H,Winnipeg (St. James-Assiniboia NE / YWG),Manitoba
R3J,Winnipeg (St. James-Assiniboia SE),Manitoba
R3K,Winnipeg (St. James-Assiniboia SW),Manitoba
R3L,Winnipeg (River Heights East),Manitoba
R3M,Winnipeg (River Heights Central),Manitoba
R3N,Winnipeg (River Heights West),Manitoba
R3P,Winnipeg (Fort Garry NW / Tuxedo),Manitoba
R3R,Winnipeg (Assiniboine South / Betsworth),Manitoba
R3S,Winnipeg (Wilkes South),Manitoba
R3T,Winnipeg (Fort Garry NE / University of Manitoba),Manitoba
R3V,Winnipeg (Fort Garry South),Manitoba
R3W,Winnipeg (Grassie / Pequis),Manitoba
R3X,Winnipeg (St. Boniface South / St. Vital SE),Manitoba
R3Y,Winnipeg (Fort Garry West),Manitoba
R4A,West St. Paul,Manitoba
R4H,Headingley East,Manitoba
R4J,Headingley West,Manitoba
R4K,Cartier,Manitoba
R4L,St. Francois Xavier,Manitoba
R5A,St. Adolphe,Manitoba
R5G,Steinbach,Manitoba
R5H,Ste. Anne,Manitoba
R6M,Morden,Manitoba
R6W,Winkler,Manitoba
R7A,Brandon Southeast,Manitoba
R7B,Brandon Southwest,Manitoba
R7C,Brandon North,Manitoba
R7N,Dauphin,Manitoba
R8A,Flin Flon,Manitoba
R8N,Thompson,Manitoba
R9A,The Pas,Manitoba
E1A,Dieppe Moncton East,New Brunswick
E1B,Riverview,New Brunswick
E1C,Moncton Central,New Brunswick
E1E,Moncton West,New Brunswick
E1G,Moncton Northwest,New Brunswick
E1H,"Lakeville, Shediac Bridge",New Brunswick
E1J,Coverdale,New Brunswick
E1N,Miramichi South,New Brunswick
E1V,Miramichi North,New Brunswick
E1W,Caraquet,New Brunswick
E1X,Tracadie-Sheila,New Brunswick
E2A,Bathurst,New Brunswick
E2E,"Rothesay, Quispamsis",New Brunswick
E2G,Quispamsis,New Brunswick
E2H,"Saint John Northeast, Renforth",New Brunswick
E2J,Saint John East,New Brunswick
E2K,Saint John North,New Brunswick
E2L,Saint John Central,New Brunswick
E2M,Saint John West,New Brunswick
E2N,Saint John Lakewood,New Brunswick
E2P,Saint John Red Head,New Brunswick
E2R,Saint John Grandview,New Brunswick
E2S,Saint John Loch Lomond,New Brunswick
E2V,Oromocto,New Brunswick
E3A,Fredericton North,New Brunswick
E3B,Fredericton South New Brunswick Provincial Government,New Brunswick
E3C,"Fredericton Southwest, New Maryland",New Brunswick
E3E,Kingsclear,New Brunswick
E3L,St. Stephen,New Brunswick
E3N,Campbellton,New Brunswick
E3V,Edmundston,New Brunswick
E3Y,Grand Falls Northeast,New Brunswick
E3Z,Grand Falls Central,New Brunswick
E4A,Bathurst,New Brunswick
E4B,Minto,New Brunswick
E4C,Youngs Cove,New Brunswick
E4E,Sussex,New Brunswick
E4G,Smiths Creek,New Brunswick
E4H,Hillsborough,New Brunswick
E4J,Salisbury,New Brunswick
E4K,Dorchester,New Brunswick
E4L,Sackville,New Brunswick
E4M,Bayfield,New Brunswick
E4N,Cap-Pelé,New Brunswick
E4P,Shediac,New Brunswick
E4R,Cocagne,New Brunswick
E4S,Bouctouche,New Brunswick
E4T,Bass River,New Brunswick
E4V,Saint-Antoine,New Brunswick
E4W,Richibucto,New Brunswick
E4X,St-Louis-de-Kent,New Brunswick
E4Y,Rogersville,New Brunswick
E4Z,Petitcodiac,New Brunswick
E5A,Moores Mills,New Brunswick
E5B,St. Andrews,New Brunswick
E5C,St. George,New Brunswick
E5E,Campobello Island,New Brunswick
E5G,Grand Manan Island,New Brunswick
E5H,Pennfield,New Brunswick
E5J,Lepreau,New Brunswick
E5K,Grand Bay-Westfield,New Brunswick
E5L,Fredericton Junction,New Brunswick
E5M,Gagetown,New Brunswick
E5N,Hampton,New Brunswick
E5P,Apohaqui,New Brunswick
E5R,St. Martins,New Brunswick
E5S,Kingston,New Brunswick
E5T,Norton,New Brunswick
E5V,Deer Island,New Brunswick
E6A,Boiestown,New Brunswick
E6B,Stanley,New Brunswick
E6C,Durham Bridge,New Brunswick
E6E,Millville,New Brunswick
E6G,Nackawic,New Brunswick
E6H,Canterbury,New Brunswick
E6J,McAdam,New Brunswick
E6K,Harvey,New Brunswick
E6L,Burtts Corner,New Brunswick
E7A,Baker Brook,New Brunswick
E7B,Saint-Jacques,New Brunswick
E7C,Saint-Basile,New Brunswick
E7E,Saint-Leonard,New Brunswick
E7G,Plaster Rock,New Brunswick
E7H,Perth-Andover,New Brunswick
E7J,Bath,New Brunswick
E7K,Centreville,New Brunswick
E7L,Florenceville,New Brunswick
E7M,Woodstock,New Brunswick
E7N,Debec,New Brunswick
E7P,Hartland,New Brunswick
E8A,Saint-Quentin,New Brunswick
E8B,Kedgwick,New Brunswick
E8C,Dalhousie,New Brunswick
E8E,Balmoral,New Brunswick
E8G,Belledune,New Brunswick
E8J,Petit-Rocher,New Brunswick
E8K,Beresford,New Brunswick
E8L,Allardville,New Brunswick
E8M,Saint-Isidore,New Brunswick
E8N,Grande-Anse,New Brunswick
E8P,Inkerman,New Brunswick
E8R,Paquetville,New Brunswick
E8S,Shippagan,New Brunswick
E8T,Lamèque,New Brunswick
E9A,Baie-Sainte-Anne,New Brunswick
E9B,Blackville,New Brunswick
E9C,Doaktown,New Brunswick
E9E,Red Bank,New Brunswick
E9G,Neguac,New Brunswick
E9H,Brantville,New Brunswick
A0A,Southeastern Avalon Peninsula (Ferryland),Newfoundland and Labrador
A0B,Western Avalon Peninsula (Argentia),Newfoundland and Labrador
A0C,Bonavista Peninsula (Bonavista),Newfoundland and Labrador
A0E,Burin Peninsula (Marystown),Newfoundland and Labrador
A0G,Northeast Newfoundland (Lewisporte),Newfoundland and Labrador
A0H,Central Newfoundland (Bishops Falls),Newfoundland and Labrador
A0J,Northern Newfoundland (Springdale),Newfoundland and Labrador
A0K,Northwest Newfoundland/Eastern Labrador (Mary's Harbour),Newfoundland and Labrador
A0L,Western Newfoundland (Lark Harbour),Newfoundland and Labrador
A0M,Southwestern Newfoundland (Channel-Port aux Basques),Newfoundland and Labrador
A0N,Port au Port Peninsula region (St. George's),Newfoundland and Labrador
A0P,Central Labrador (Happy Valley-Goose Bay),Newfoundland and Labrador
A0R,North/Western Labrador (Churchill Falls),Newfoundland and Labrador
A1A,St. John's North,Newfoundland and Labrador
A1B,St. John's Northwest Newfoundland & Labrador Provincial Government,Newfoundland and Labrador
A1C,St. John's North Central,Newfoundland and Labrador
A1E,St. John's Central,Newfoundland and Labrador
A1G,St. John's South,Newfoundland and Labrador
A1H,St. John's Southwest,Newfoundland and Labrador
A1K,Torbay,Newfoundland and Labrador
A1L,Paradise,Newfoundland and Labrador
A1M,Portugal Cove-St. Philips,Newfoundland and Labrador
A1N,Mount Pearl,Newfoundland and Labrador
A1S,Goulds,Newfoundland and Labrador
A1V,Gander,Newfoundland and Labrador
A1W,Manuels,Newfoundland and Labrador
A1X,Conception Bay,Newfoundland and Labrador
A1Y,Carbonear,Newfoundland and Labrador
A2A,Grand Falls,Newfoundland and Labrador
A2B,Windsor,Newfoundland and Labrador
A2H,Corner Brook,Newfoundland and Labrador
A2N,Stephenville,Newfoundland and Labrador
A2V,Labrador City,Newfoundland and Labrador
A5A,Clarenville,Newfoundland and Labrador
A8A,Deer Lake,Newfoundland and Labrador
B0C,North Victoria County (Dingwall),Nova Scotia
B0E,West Cape Breton Island (Baddeck),Nova Scotia
B0H,Canso region (Havre Boucher),Nova Scotia
B0J,Mainland east shore (Lunenburg),Nova Scotia
B0K,Southern Northumberland Strait (Pictou),Nova Scotia
B0L,Isthmus of Chignecto (River Hébert),Nova Scotia
B0M,Cobequid Bay north shore (Springhill),Nova Scotia
B0N,Hants County (Shubenacadie),Nova Scotia
B0P,Kings County (Kingston),Nova Scotia
B0R,West Lunenburg County (New Germany),Nova Scotia
B0S,West Annapolis County (Middleton),Nova Scotia
B0T,Queens County (Shelburne),Nova Scotia
B0V,Digby Neck (Digby),Nova Scotia
B0W,Southwest Mainland (Weymouth),Nova Scotia
B1A,Glace Bay,Nova Scotia
B1B,Port Morien,Nova Scotia
B1C,Louisbourg,Nova Scotia
B1E,Reserve Mines,Nova Scotia
B1G,Dominion,Nova Scotia
B1H,New Waterford,Nova Scotia
B1J,East Bay,Nova Scotia
B1K,Marion Bridge,Nova Scotia
B1L,Sydney Southwest,Nova Scotia
B1M,Sydney East,Nova Scotia
B1N,Sydney North,Nova Scotia
B1P,Sydney North Central,Nova Scotia
B1R,Sydney West,Nova Scotia
B1S,Sydney Central,Nova Scotia
B1T,Christmas Island,Nova Scotia
B1V,North Sydney North,Nova Scotia
B1W,Eskasoni,Nova Scotia
B1X,Big Bras d'Or,Nova Scotia
B1Y,Alder Point,Nova Scotia
B2A,North Sydney South Central,Nova Scotia
B2C,Iona,Nova Scotia
B2E,Loch Lomond,Nova Scotia
B2G,Antigonish,Nova Scotia
B2H,New Glasgow,Nova Scotia
B2J,Fourchu,Nova Scotia
B2N,Truro,Nova Scotia
B2R,Waverley,Nova Scotia
B2S,Lantz,Nova Scotia
B2T,Enfield,Nova Scotia
B2V,Dartmouth Morris Lake,Nova Scotia
B2W,Dartmouth East Central,Nova Scotia
B2X,Dartmouth North Central,Nova Scotia
B2Y,Dartmouth South Central,Nova Scotia
B2Z,Dartmouth East,Nova Scotia
B3A,Dartmouth Southwest,Nova Scotia
B3B,Dartmouth Northwest,Nova Scotia
B3E,Porters Lake,Nova Scotia
B3G,Eastern Passage,Nova Scotia
B3H,Halifax Lower Harbour,Nova Scotia
B3J,Halifax Mid-Harbour Nova Scotia Provincial Government,Nova Scotia
B3K,Halifax Upper Harbour,Nova Scotia
B3L,Halifax Central,Nova Scotia
B3M,Halifax Bedford Basin,Nova Scotia
B3N,Halifax South Central,Nova Scotia
B3P,Halifax North West Arm,Nova Scotia
B3R,Halifax South,Nova Scotia
B3S,Halifax West,Nova Scotia
B3T,Lakeside,Nova Scotia
B3V,Harrietsfield,Nova Scotia
B3Z,Tantallon,Nova Scotia
B4A,Bedford Southeast,Nova Scotia
B4B,Bedford Northwest,Nova Scotia
B4C,Lower Sackville South,Nova Scotia
B4E,Lower Sackville West,Nova Scotia
B4G,Lower Sackville North,Nova Scotia
B4H,Amherst,Nova Scotia
B4N,Kentville,Nova Scotia
B4P,Wolfville,Nova Scotia
B4R,Coldbrook,Nova Scotia
B4V,Bridgewater,Nova Scotia
B5A,Yarmouth,Nova Scotia
B9A,Port Hawkesbury,Nova Scotia
X0E,Central Northwest Territories (Inuvik),Northwest Territory
X0G,Southwestern Northwest Territories (Fort Liard),Northwest Territory
X1A,Yellowknife,Northwest Territory
X0A,Outer Nunavut (Iqaluit),Nunavut Territory
X0B,Central Nunavut (Cambridge Bay),Nunavut Territory
X0C,Inner Nunavut (Rankin Inlet),Nunavut Territory
K0A,National Capital Region (Almonte),Ontario
K0B,Prescott and Russell United Counties (Alfred),Ontario
K0C,"Stormont, Dundas and Glengarry United Counties (Alexandria)",Ontario
K0E,South Leeds and Grenville United Counties (Prescott),Ontario
K0G,Rideau Lakes area (Kemptville),Ontario
K0H,"Frontenac County, Addington County, Loyalist Shores and Southwest Leeds (Inverary)",Ontario
K0J,Renfrew County and Lanark Highlands Township (Deep River),Ontario
K0K,"Quinte Shores, East Northumberland County & Prince Edward County (Picton)",Ontario
K0L,Peterborough County and North Hastings County (Lakefield),Ontario
K0M,Kawartha lakes and Haliburton County (Bobcaygeon),Ontario
K1A,Government of Canada Ottawa and Gatineau offices,Ontario
K1B,Gloucester (Blackburn Hamlet / Pine View),Ontario
K1C,Gloucester (West Orleans),Ontario
K1E,Orleans (Queenswood),Ontario
K1G,Ottawa (Riverview / Hawthorne),Ontario
K1H,Ottawa (Alta Vista),Ontario
K1J,Gloucester (Beacon Hill / Cyrville),Ontario
K1K,Ottawa (Overbrook),Ontario
K1L,Ottawa (Vanier),Ontario
K1M,Ottawa (Rockcliffe Park / New Edinburgh),Ontario
K1N,Ottawa (Lower Town / Sandy Hill / University of Ottawa),Ontario
K1P,Ottawa (Parliament Hill),Ontario
K1R,Ottawa (West Downtown area),Ontario
K1S,Ottawa (The Glebe / Ottawa South / Ottawa East),Ontario
K1T,Gloucester (Blossom Park / Hunt Club East / Leitrim),Ontario
K1V,Ottawa (Riverside Park / Hunt Club West / Riverside South / YOW),Ontario
K1W,Gloucester (South Orleans),Ontario
K1X,Gloucester South,Ontario
K1Y,Ottawa West,Ontario
K1Z,Ottawa (Westboro),Ontario
K2A,Ottawa (Highland Park / Carlingwood),Ontario
K2B,Ottawa (Britannia / Pinecrest),Ontario
K2C,Ottawa (Queensway / Copeland / Carlington / Carleton Heights),Ontario
K2E,Nepean East,Ontario
K2G,Nepean (Davidson Heights),Ontario
K2H,Nepean (Bells Corners),Ontario
K2J,Nepean (Barrhaven),Ontario
K2K,Kanata (Beaverbrook / South March),Ontario
K2L,Kanata (Katimavik-Hazeldean / Glen Cairn),Ontario
K2M,Kanata (Bridlewood),Ontario
K2P,Ottawa (Centre Town),Ontario
K2R,Nepean (Fallowfield Village / Cedarhill Estates / Orchard Estates),Ontario
K2S,Stittsville,Ontario
K2T,Kanata (Marchwood),Ontario
K2V,Kanata (Terry Fox / Palladium),Ontario
K2W,Kanata (North March),Ontario
K4A,Orleans (Fallingbrook),Ontario
K4B,Cumberland Township,Ontario
K4C,Cumberland,Ontario
K4K,Rockland,Ontario
K4M,Manotick,Ontario
K4P,Greely,Ontario
K4R,Russell,Ontario
K6A,Hawkesbury,Ontario
K6H,Cornwall East,Ontario
K6J,Cornwall West,Ontario
K6K,Cornwall North,Ontario
K6T,Elizabethtown,Ontario
K6V,Brockville,Ontario
K7A,Smiths Falls,Ontario
K7C,Carleton Place,Ontario
K7G,Gananoque,Ontario
K7H,Perth,Ontario
K7K,Kingston (SW Pittsburgh Township),Ontario
K7L,Kingston (Downtown),Ontario
K7M,Kingston (Reddendale / Cataraqui / Collins Bay),Ontario
K7N,Amherstview,Ontario
K7P,Kingston (Westbrook / Cataraqui Woods / Cedarwood),Ontario
K7R,Napanee,Ontario
K7S,Arnprior,Ontario
K7V,Renfrew,Ontario
K8A,Pembroke Central and northern subdivisions,Ontario
K8B,Pembroke (Pleasant View / Fairview),Ontario
K8H,Petawawa,Ontario
K8N,Belleville East,Ontario
K8P,Belleville West,Ontario
K8R,Belleville (SE Sidney Township / Avondale),Ontario
K8V,Trenton,Ontario
K9A,Cobourg,Ontario
K9H,Peterborough North,Ontario
K9J,Peterborough South,Ontario
K9K,Peterborough (Fairbairn Meadows / Jackson Heights),Ontario
K9L,Peterborough (Terra View Heights / Woodland Acres / Donwood),Ontario
K9V,Lindsay,Ontario
L0A,West Northumberland County (Millbrook),Ontario
L0B,East Durham Regional Municipality (Orono),Ontario
L0C,West Durham Regional Municipality (Sunderland),Ontario
L0E,Lake Simcoe Southeast Shore (Sutton West),Ontario
L0G,Ontario Centre (Queensville),Ontario
L0H,Whitby Region (Gormley),Ontario
L0J,North Peel Regional Municipality (Kleinburg),Ontario
L0K,Lake Simcoe North Shore (Coldwater),Ontario
L0L,Lake Simcoe West Shore (Oro),Ontario
L0M,Georgian Bay South Shore (Angus),Ontario
L0N,Dufferin County (Shelburne),Ontario
L0P,Halton Regional Municipality (Campbellville),Ontario
L0R,East Haldimand County (Waterdown),Ontario
L0S,Niagara Regional Municipality (Fonthill),Ontario
L1A,Port Hope,Ontario
L1B,Bowmanville East,Ontario
L1C,Bowmanville West,Ontario
L1E,Courtice,Ontario
L1G,Oshawa Central,Ontario
L1H,Oshawa Southeast,Ontario
L1J,Oshawa Southwest,Ontario
L1K,Oshawa East,Ontario
L1L,Oshawa North,Ontario
L1M,Whitby North,Ontario
L1N,Whitby Southeast,Ontario
L1P,Whitby Southwest,Ontario
L1R,Whitby Central,Ontario
L1S,Ajax Southwest,Ontario
L1T,Ajax Northwest,Ontario
L1V,Pickering Southwest,Ontario
L1W,Pickering South,Ontario
L1X,Pickering Central,Ontario
L1Y,Pickering North,Ontario
L1Z,Ajax East,Ontario
L2A,Fort Erie,Ontario
L2E,Niagara Falls Central,Ontario
L2G,Niagara Falls Southeast,Ontario
L2H,Niagara Falls West,Ontario
L2J,Niagara Falls North,Ontario
L2M,St. Catharines Northeast,Ontario
L2N,St. Catharines Northwest,Ontario
L2P,St. Catharines East,Ontario
L2R,St. Catharines Central,Ontario
L2S,St. Catharines Southwest,Ontario
L2T,St. Catharines South,Ontario
L2V,St. Catharines Southeast,Ontario
L2W,St. Catharines West,Ontario
L3B,Welland East,Ontario
L3C,Welland West,Ontario
L3K,Port Colborne,Ontario
L3M,Grimsby,Ontario
L3P,Markham Central,Ontario
L3R,Markham Outer Southwest,Ontario
L3S,Markham Southeast,Ontario
L3T,Thornhill East,Ontario
L3V,Orillia,Ontario
L3X,Newmarket Southwest,Ontario
L3Y,Newmarket Northeast,Ontario
L3Z,Bradford,Ontario
L4A,Stouffville,Ontario
L4B,Richmond Hill Southeast,Ontario
L4C,Richmond Hill Southwest,Ontario
L4E,Richmond Hill North,Ontario
L4G,Aurora,Ontario
L4H,Woodbridge North,Ontario
L4J,Thornhill West,Ontario
L4K,Concord,Ontario
L4L,Woodbridge South,Ontario
L4M,Barrie North,Ontario
L4N,Barrie South,Ontario
L4P,Keswick,Ontario
L4R,Midland,Ontario
L4S,Richmond Hill Central,Ontario
L4T,Mississauga (Malton),Ontario
L4V,Mississauga (Wildwood),Ontario
L4W,Mississauga (Matheson / East Rathwood),Ontario
L4X,Mississauga (East Applewood / East Dixie / NE Lakeview),Ontario
L4Y,Mississauga (West Applewood / West Dixie / NW Lakeview),Ontario
L4Z,Mississauga (West Rathwood / East Hurontario / SE Gateway),Ontario
L5A,Mississauga (Mississauga Valleys / East Cooksville),Ontario
L5B,Mississauga (West Cooksville / Fairview / City Centre / East Creditview),Ontario
L5C,Mississauga (West Creditview / Mavis / Erindale),Ontario
L5E,Mississauga (Central Lakeview),Ontario
L5G,Mississauga (SW Lakeview / Mineola / East Port Credit),Ontario
L5H,Mississauga (West Port Credit / Lorne Park / East Sheridan),Ontario
L5J,Mississauga (Clarkson / Southdown),Ontario
L5K,Mississauga (West Sheridan),Ontario
L5L,Mississauga (Erin Mills / Western Business Park),Ontario
L5M,Mississauga (Churchill Meadows / Central Erin Mills / South Streetsville),Ontario
L5N,Mississauga (Lisgar / Meadowvale),Ontario
L5P,Mississauga (YYZ),Ontario
L5R,Mississauga (West Hurontario / SW Gateway),Ontario
L5S,Mississauga (Cardiff / NE Gateway),Ontario
L5T,Mississauga (Courtney Park / East Gateway),Ontario
L5V,Mississauga (East Credit),Ontario
L5W,Mississauga (Meadowvale Village / West Gateway),Ontario
L6A,Maple,Ontario
L6B,Markham East,Ontario
L6C,Markham Northwest,Ontario
L6E,Markham Northeast,Ontario
L6G,Markham Inner Southwest,Ontario
L6H,Oakville North,Ontario
L6J,Oakville Northeast,Ontario
L6K,Oakville East,Ontario
L6L,Oakville South,Ontario
L6M,Oakville West,Ontario
L6P,Brampton North,Ontario
L6R,Brampton Northwest,Ontario
L6S,Brampton North Central,Ontario
L6T,Brampton East,Ontario
L6V,Brampton Central,Ontario
L6W,Brampton Southeast,Ontario
L6X,Brampton Southwest,Ontario
L6Y,Brampton South,Ontario
L6Z,Brampton West Central,Ontario
L7A,Brampton West,Ontario
L7B,King City,Ontario
L7C,Caledon,Ontario
L7E,Bolton,Ontario
L7G,Georgetown,Ontario
L7J,Acton,Ontario
L7L,Burlington Northeast,Ontario
L7M,Burlington North,Ontario
L7N,Burlington East,Ontario
L7P,Burlington West,Ontario
L7R,Burlington Southeast,Ontario
L7S,Burlington South,Ontario
L7T,Burlington Southwest,Ontario
L8E,Hamilton (Confederation Park / Nashdale / East Kentley / Riverdale / Lakely / Grayside / North Stoney Creek),Ontario
L8G,Hamilton (Greenford / North Gershome / West Stoney Creek),Ontario
L8H,Hamilton (West Kentley / McQuesten / Parkview / Hamilton Beach / East Industrial Sector / Normanhurst / Homeside / East Crown Point),Ontario
L8J,Hamilton (East Albion Falls / South Stoney Creek),Ontario
L8K,Hamilton (East Delta / Bartonville / Glenview / Rosedale / Lower King's Forest / Red Hill / Corman / Vincent / South Gershome),Ontario
L8L,Hamilton (West Industrial Sector / West Crown Point / North Stipley / North Gibson / Landsdale / Keith / North End / Beasley),Ontario
L8M,Hamilton (West Delta / Blakeley / South Stipley / South Gibson / St. Clair),Ontario
L8N,Hamilton (Stinson / Corktown),Ontario
L8P,Hamilton (Durand / Kirkendall / Chedoke Park),Ontario
L8R,Hamilton (Central / Strathcona / South Dundurn),Ontario
L8S,Hamilton (Westdale / Cootes Paradise / Ainslie Wood),Ontario
L8T,Hamilton (Sherwood / Huntington / Upper King's Forest / Lisgar / Berrisfield / Hampton Heights / Sunninghill),Ontario
L8V,Hamilton (Raleigh / Macassa / Lawfield / Thorner / Burkholme / Eastmount),Ontario
L8W,Hamilton (West Albion Falls / Hannon / Rymal / Trenholme / Quinndale / Templemead / Broughton / Eleanor / Randall / Rushdale / Butler / East Chappel),Ontario
L9A,Hamilton (Crerar / Bruleville / Hill Park / Inch Park / Centremount / Balfour / Greeningdon / Jerome),Ontario
L9B,Hamilton (Barnstown / West Chappel / Allison / Ryckmans / Mewburn / Sheldon / Falkirk / Carpenter / Kennedy / Southwest Outskirts),Ontario
L9C,Hamilton (Southam / Bonnington / Yeoville / Kernighan / Gourley / Rolston / Buchanan / Mohawk / Westcliffe / Gilbert / Gilkson / Gurnett / Fessenden / Mountview),Ontario
L9G,Ancaster West,Ontario
L9H,Dundas,Ontario
L9K,Ancaster East,Ontario
L9L,Port Perry,Ontario
L9M,Penetanguishene,Ontario
L9N,Holland Landing,Ontario
L9P,Uxbridge,Ontario
L9R,Alliston,Ontario
L9S,Innisfil,Ontario
L9T,Milton,Ontario
L9V,Orangeville North,Ontario
L9W,Orangeville South,Ontario
L9Y,Collingwood,Ontario
L9Z,Wasaga Beach,Ontario
M1B,Scarborough (Malvern / Rouge River),Ontario
M1C,Scarborough (Rouge Hill / Port Union / Highland Creek),Ontario
M1E,Scarborough (Guildwood / Morningside / Ellesmere),Ontario
M1G,Scarborough (Woburn),Ontario
M1H,Scarborough (Cedarbrae),Ontario
M1J,Scarborough (Eglinton),Ontario
M1K,Scarborough (Kennedy Park / Ionview / East Birchmount Park),Ontario
M1L,Scarborough (The Golden Mile / Clairlea / Oakridge / Birchmount Park East),Ontario
M1M,Scarborough (Cliffside / Cliffcrest / Scarborough Village West),Ontario
M1N,Scarborough (Birch Cliff / Cliffside West),Ontario
M1P,Scarborough (Dorset Park / Wexford Heights / Scarborough Town Centre),Ontario
M1R,Scarborough (Wexford / Maryvale),Ontario
M1S,Scarborough (Agincourt),Ontario
M1T,Scarborough (Clarks Corners / Tam O'Shanter / Sullivan),Ontario
M1V,Scarborough (Milliken / Agincourt North / Steeles East / L'Amoreaux East),Ontario
M1W,Scarborough (Steeles West / L'Amoreaux West),Ontario
M1X,Scarborough (Upper Rouge),Ontario
M2H,North York (Hillcrest Village),Ontario
M2J,North York (Fairview / Henry Farm / Oriole),Ontario
M2K,North York (Bayview Village),Ontario
M2L,North York (York Mills / Silver Hills),Ontario
M2M,Willowdale East (Newtonbrook),Ontario
M2N,Willowdale South,Ontario
M2P,North York (York Mills West),Ontario
M2R,Willowdale West,Ontario
M3A,North York (York Heights / Victoria Village / Parkway East),Ontario
M3B,Don Mills North,Ontario
M3C,Don Mills South (Flemingdon Park),Ontario
M3H,North York (Armour Heights / Wilson Heights / Downsview North),Ontario
M3J,North York (Northwood Park / York University),Ontario
M3K,Downsview East (CFB Toronto),Ontario
M3L,Downsview West,Ontario
M3M,Downsview Central,Ontario
M3N,North York (Jane and Finch),Ontario
M4A,North York (Sweeney Park / Wigmore Park),Ontario
M4B,East York (Parkview Hill / Woodbine Gardens),Ontario
M4C,East York (Woodbine Heights),Ontario
M4E,East Toronto (The Beaches),Ontario
M4G,East York (Leaside),Ontario
M4H,East York (Thorncliffe Park),Ontario
M4J,East Toronto (The Danforth East),Ontario
M4K,East Toronto (The Danforth West / Riverdale),Ontario
M4L,East Toronto (India Bazaar / The Beaches West),Ontario
M4M,East Toronto (Studio District),Ontario
M4N,Central Toronto (Lawrence Park East),Ontario
M4P,Central Toronto (Davisville North),Ontario
M4R,Central Toronto (North Toronto West),Ontario
M4S,Central Toronto (Davisville),Ontario
M4T,Central Toronto (Moore Park / Summerhill East),Ontario
M4V,Central Toronto (Summerhill West / Rathnelly / South Hill / Forest Hill SE / Deer Park),Ontario
M4W,Downtown Toronto (Rosedale),Ontario
M4X,Downtown Toronto (St. James Town / Cabbagetown),Ontario
M4Y,Downtown Toronto (Church and Wellesley),Ontario
M5A,Downtown Toronto (Regent Park / Port of Toronto),Ontario
M5B,Downtown Toronto (Ryerson),Ontario
M5C,Downtown Toronto (St. James Park),Ontario
M5E,Downtown Toronto (Berczy Park),Ontario
M5G,Downtown Toronto (Central Bay Street),Ontario
M5H,Downtown Toronto (Richmond / Adelaide / King),Ontario
M5J,Downtown Toronto (Harbourfront East / Union Station / Toronto Island),Ontario
M5K,Downtown Toronto (Toronto Dominion Centre / Design Exchange),Ontario
M5L,Downtown Toronto (Commerce Court / Victoria Hotel),Ontario
M5M,North York (Bedford Park / Lawrence Park West / Lawrence Manor East),Ontario
M5N,Central Toronto (Roselawn),Ontario
M5P,Central Toronto (Forest Hill North & West),Ontario
M5R,Central Toronto (The Annex / North Midtown / Yorkville),Ontario
M5S,Downtown Toronto (University of Toronto / Harbord),Ontario
M5T,Downtown Toronto (Kensington Market / Chinatown / Grange Park),Ontario
M5V,Downtown Toronto (CN Tower / King and Spadina / Railway Lands / Harbourfront West / Bathurst Quay / South Niagara / YTZ),Ontario
M5W,Downtown Toronto Stn A PO Boxes 25 The Esplanade (Enclave of M5E),Ontario
M5X,Downtown Toronto (Underground city),Ontario
M6A,North York (Lawrence Manor / Lawrence Heights),Ontario
M6B,North York (Glencairn),Ontario
M6C,York (Cedarvale),Ontario
M6E,York (Fairbank / Oakwood),Ontario
M6G,Downtown Toronto (Christie),Ontario
M6H,West Toronto (Dufferin / Dovercourt Village),Ontario
M6J,West Toronto (Rua Aþores / Trinity),Ontario
M6K,West Toronto (Brockton / Parkdale Village / Exhibition Place),Ontario
M6L,North York (North Park / Maple Leaf Park / Upwood Park),Ontario
M6M,York (Del Ray / Keelsdale / Mount Dennis / Silverthorne),Ontario
M6N,York (Runnymede / The Junction North),Ontario
M6P,West Toronto (High Park / The Junction South),Ontario
M6R,West Toronto (Parkdale / Roncesvalles Village),Ontario
M6S,West Toronto (Bloor West Village / Swansea),Ontario
M7A,Queen's Park Ontario Provincial Government,Ontario
M7Y,East Toronto Business Reply Mail Processing Centre 969 Eastern (Enclave of M4L),Ontario
M8V,Etobicoke (New Toronto / Mimico South / Humber Bay Shores),Ontario
M8W,Etobicoke (Alderwood / Long Branch),Ontario
M8X,Etobicoke (The Kingsway / Montgomery Road / Old Mill North),Ontario
M8Y,Etobicoke (Old Mill South / King's Mill Park / Sunnylea / Humber Bay / Mimico NE / The Queensway East / Royal York South East / Kingsway Park South East),Ontario
M8Z,Etobicoke (Mimico NW / The Queensway West / South of Bloor / Kingsway Park South West / Royal York South West),Ontario
M9A,Etobicoke (Islington Avenue),Ontario
M9B,Etobicoke (West Deane Park / Princess Gardens / Martin Grove / Islington / Cloverdale),Ontario
M9C,Etobicoke (Eringate / Bloordale Gardens / Old Burnhamthorpe / Markland Woods),Ontario
M9L,North York (Humber Summit),Ontario
M9M,North York (Humberlea / Emery),Ontario
M9N,Weston,Ontario
M9P,Etobicoke (Westmount),Ontario
M9R,Etobicoke (Kingsview Village / St. Phillips / Martin Grove Gardens / Richview Gardens),Ontario
M9V,Etobicoke (South Steeles / Silverstone / Humbergate / Jamestown / Mount Olive / Beaumond Heights / Thistletown / Albion Gardens),Ontario
M9W,Etobicoke Northwest (Clairville / Humberwood / Woodbine Downs / West Humber / Kipling Heights / Rexdale / Elms / Tandridge / Old Rexdale),Ontario
N0A,West Haldimand (Port Dover),Ontario
N0B,Wellington (Elora),Ontario
N0C,Georgian Bay Southwest Shore (Dundalk),Ontario
N0E,Brant and Norfolk (Waterford),Ontario
N0G,Huron (Wingham),Ontario
N0H,Bruce Peninsula (Wiarton),Ontario
N0J,Oxford (Norwich),Ontario
N0K,Perth (Mitchell),Ontario
N0L,Elgin (Dorchester),Ontario
N0M,Middlesex (Clinton),Ontario
N0N,Lambton (Forest),Ontario
N0P,Kent (Blenheim),Ontario
N0R,Essex (Belle River),Ontario
N1A,Dunnville,Ontario
N1C,Guelph South,Ontario
N1E,Guelph North,Ontario
N1G,Guelph Central,Ontario
N1H,Guelph Northwest,Ontario
N1K,Guelph West,Ontario
N1L,Guelph East,Ontario
N1M,Fergus,Ontario
N1P,Cambridge South,Ontario
N1R,Cambridge Central,Ontario
N1S,Cambridge Southwest,Ontario
N1T,Cambridge East,Ontario
N2A,Kitchener East,Ontario
N2B,Kitchener Northeast,Ontario
N2C,Kitchener South Central,Ontario
N2E,Kitchener Southwest,Ontario
N2G,Kitchener Central,Ontario
N2H,Kitchener North Central,Ontario
N2J,Waterloo Southeast,Ontario
N2K,Kitchener North,Ontario
N2L,Waterloo South,Ontario
N2M,Kitchener Northwest,Ontario
N2N,Kitchener West,Ontario
N2P,Kitchener Southeast,Ontario
N2R,Kitchener South,Ontario
N2T,Waterloo Southwest,Ontario
N2V,Waterloo Northwest,Ontario
N2Z,Kincardine,Ontario
N3A,Baden,Ontario
N3B,Elmira,Ontario
N3C,Cambridge Northeast,Ontario
N3E,Cambridge Northwest,Ontario
N3H,Cambridge West,Ontario
N3L,Paris,Ontario
N3P,Brantford Northeast,Ontario
N3R,Brantford Central,Ontario
N3S,Brantford Southeast,Ontario
N3T,Brantford Southwest,Ontario
N3V,Brantford Northwest,Ontario
N3W,Caledonia,Ontario
N3Y,Simcoe,Ontario
N4B,Delhi,Ontario
N4G,Tillsonburg,Ontario
N4K,Owen Sound,Ontario
N4L,Meaford,Ontario
N4N,Hanover,Ontario
N4S,Woodstock Central,Ontario
N4T,Woodstock North,Ontario
N4V,Woodstock South,Ontario
N4W,Listowel,Ontario
N4X,St. Mary's,Ontario
N4Z,Stratford South,Ontario
N5A,Stratford North,Ontario
N5C,Ingersoll,Ontario
N5H,Aylmer,Ontario
N5L,Port Stanley,Ontario
N5P,St. Thomas North,Ontario
N5R,St. Thomas South,Ontario
N5V,London (YXU / North and East Argyle / East Huron Heights),Ontario
N5W,London East (SW Argyle / Hamilton Road),Ontario
N5X,London (Fanshawe / Stoneybrook / Stoney Creek / Uplands / East Masonville),Ontario
N5Y,London (West Huron Heights / Carling),Ontario
N5Z,London (Glen Cairn),Ontario
N6A,London North (UWO),Ontario
N6B,London Central,Ontario
N6C,London South (East Highland / North White Oaks / North Westminster),Ontario
N6E,London (South White Oaks / Central Westminster / East Longwoods / West Brockley),Ontario
N6G,London (Sunningdale / West Masonville / Medway / NE Hyde Park / East Fox Hollow),Ontario
N6H,London West (Central Hyde Park / Oakridge),Ontario
N6J,London (Southcrest / East Westmount / West Highland),Ontario
N6K,London (Riverbend / Woodhull / North Sharon Creek / Byron / West Westmount),Ontario
N6L,London (East Tempo),Ontario
N6M,London (Jackson / Old Victoria / Bradley / North Highbury),Ontario
N6N,London (South Highbury / Glanworth / East Brockley / SE Westminster),Ontario
N6P,London (Talbot / Lambeth / West Tempo / South Sharon Creek),Ontario
N7A,Goderich,Ontario
N7G,Strathroy,Ontario
N7L,Chatham Northwest,Ontario
N7M,Chatham Southeast,Ontario
N7S,Sarnia Central,Ontario
N7T,Sarnia Southwest,Ontario
N7V,Sarnia Northwest,Ontario
N7W,Sarnia Southeast,Ontario
N7X,Sarnia Northeast,Ontario
N8A,Wallaceburg,Ontario
N8H,Leamington,Ontario
N8M,Essex,Ontario
N8N,Tecumseh Outskirts,Ontario
N8P,Windsor (East Riverside),Ontario
N8R,Windsor (East Forest Glade),Ontario
N8S,Windsor (Riverside),Ontario
N8T,Windsor (West Forest Glade / East Fontainbleu),Ontario
N8V,Tecumseh (YQG),Ontario
N8W,Windsor (South Walkerville / West Fontainbleu / Walker Farm / Devonshire),Ontario
N8X,Windsor South Central (West Walkerville / Remington Park),Ontario
N8Y,Windsor East (East Walkerville),Ontario
N9A,Windsor (City Centre / NW Walkerville),Ontario
N9B,Windsor (University / South Cameron),Ontario
N9C,Windsor (Sandwich / Ojibway / West Malden),Ontario
N9E,Windsor South (East Malden),Ontario
N9G,Windsor (Roseland),Ontario
N9H,La Salle East,Ontario
N9J,La Salle West,Ontario
N9K,Tecumseh Central,Ontario
N9V,Amherstburg,Ontario
N9Y,Kingsville,Ontario
P0A,Nipissing Central (Burk's Falls),Ontario
P0B,Nipissing South (Utterson),Ontario
P0C,Parry Sound Mid-Shore (Bala),Ontario
P0E,Parry Sound South Shore (Kilworthy),Ontario
P0G,Parry Sound North Shore (Nobel),Ontario
P0H,Nipissing North (Callander),Ontario
P0J,Timiskaming South (Temiskaming Shores),Ontario
P0K,Timiskaming North (Iroquois Falls A),Ontario
P0L,Cochrane Region (Hearst),Ontario
P0M,"Algoma, Sudbury District and Greater Sudbury (Chelmsford)",Ontario
P0N,Timmins Region (South Porcupine),Ontario
P0P,Manitoulin (Little Current),Ontario
P0R,Algoma Southwest (Blind River),Ontario
P0S,Lake Superior East Shore (Wawa),Ontario
P0T,Lake Superior North Shore (Marathon),Ontario
P0V,Northwestern Ontario (Red Lake),Ontario
P0W,Rainy River Region (Emo),Ontario
P0X,Kenora Region (Keewatin),Ontario
P0Y,Lake of the Woods East Shore (Ingolf),Ontario
P1A,North Bay South,Ontario
P1B,North Bay Central,Ontario
P1C,North Bay North,Ontario
P1H,Huntsville,Ontario
P1L,Bracebridge,Ontario
P1P,Gravenhurst,Ontario
P2A,Parry Sound,Ontario
P2B,Sturgeon Falls,Ontario
P2N,Kirkland Lake,Ontario
P3A,Greater Sudbury (New Sudbury),Ontario
P3B,Greater Sudbury (Downtown / Minnow Lake),Ontario
P3C,Greater Sudbury (Gatchell / West End / Little Britain),Ontario
P3E,Greater Sudbury (Robinson / Lockerby),Ontario
P3G,Greater Sudbury (Lo-Ellen / McFarlane Lake),Ontario
P3L,Greater Sudbury (Garson),Ontario
P3N,Greater Sudbury (Val Caron),Ontario
P3P,Greater Sudbury (Hanmer),Ontario
P3Y,Greater Sudbury (Lively),Ontario
P4N,Timmins Southeast,Ontario
P4P,Timmins North,Ontario
P4R,Timmins West,Ontario
P5A,Elliot Lake,Ontario
P5E,Espanola,Ontario
P5N,Kapuskasing,Ontario
P6A,Sault Ste. Marie East,Ontario
P6B,Sault Ste. Marie Central,Ontario
P6C,Sault Ste. Marie North,Ontario
P7A,Thunder Bay Northeast,Ontario
P7B,Thunder Bay North Central,Ontario
P7C,Thunder Bay Central,Ontario
P7E,Thunder Bay South Central,Ontario
P7G,Thunder Bay North,Ontario
P7J,Thunder Bay South,Ontario
P7K,Thunder Bay West,Ontario
P8N,Dryden,Ontario
P8T,Sioux Lookout,Ontario
P9A,Fort Frances,Ontario
P9N,Kenora,Ontario
C0A,Montague,Prince Edward Island
C0B,Prince County (Portage),Prince Edward Island
C1A,Charlottetown Southeast Prince Edward Island Provincial Government,Prince Edward Island
C1B,Stratford,Prince Edward Island
C1C,Charlottetown North,Prince Edward Island
C1E,Charlottetown West,Prince Edward Island
C1N,Summerside,Prince Edward Island
G0A,Capitale-Nationale (Stoneham),Quebec
G0B,Cap-aux-Meules,Quebec
G0C,Gaspésie-Sud (New Richmond),Quebec
G0E,Gaspésie-Nord (Grande-Vallée),Quebec
G0G,Côte-Nord/Anticosti (Schefferville),Quebec
G0H,Manicouagan (Baie-Trinité),Quebec
G0J,Gaspésie-Ouest (Causapscal),Quebec
G0K,Bas-St-Laurent- Est (Sainte-Luce),Quebec
G0L,Bas-St-Laurent- Ouest (Trois-Pistoles),Quebec
G0M,Région de Beauce (Saint-Prosper-De- Dorchester),Quebec
G0N,Chaudière-Sud (Disraeli),Quebec
G0P,Centre-du- Québec-Est (Saint-Valère),Quebec
G0R,Appalaches (La Pocatière),Quebec
G0S,Chaudière-Nord (Saint-Joseph- De-Beauce),Quebec
G0T,Le Fjord (Forestville),Quebec
G0V,Saguenay- Lac-St-Jean (Alouette),Quebec
G0W,Région de Mistassini (Chambord),Quebec
G0X,Mauricie (Parent),Quebec
G0Y,L'Erable (Nantes),Quebec
G0Z,Centre-du- Québec-Nord (Daveluyville),Quebec
G1A,Quebec Provincial Government,Quebec
G1B,Beauport North,Quebec
G1C,Beauport Central,Quebec
G1E,Beauport South,Quebec
G1G,Jean-Talon Southeast,Quebec
G1H,Charlesbourg South,Quebec
G1J,Quebec City Lower Riverbank,Quebec
G1K,Quebec City Mid-Riverbank,Quebec
G1L,Quebec City Northeast,Quebec
G1M,Quebec City North Central,Quebec
G1N,Quebec City South Central,Quebec
G1P,Quebec City West,Quebec
G1R,Quebec City East,Quebec
G1S,Quebec City South,Quebec
G1T,Quebec City Upper Riverbank,Quebec
G1V,Sainte-Foy Northeast,Quebec
G1W,Sainte-Foy Southeast,Quebec
G1X,Sainte-Foy West,Quebec
G1Y,Cap-Rouge,Quebec
G2A,Loretteville North,Quebec
G2B,Loretteville South,Quebec
G2C,Quebec City Northwest,Quebec
G2E,L'Ancienne- Lorette Northeast,Quebec
G2G,L'Ancienne- Lorette Southwest,Quebec
G2J,Quebec City Inner North,Quebec
G2K,Quebec City Outer North,Quebec
G2L,Charlesbourg North,Quebec
G2M,Jean-Talon Northeast,Quebec
G2N,Jean-Talon West,Quebec
G3A,St-Augustin- De-Desmaures,Quebec
G3E,Saint-Émile,Quebec
G3G,Lac-Saint-Charles,Quebec
G3H,Pont-Rouge,Quebec
G3J,Val-Bélair North,Quebec
G3K,Val-Bélair South,Quebec
G3L,Saint-Raymond,Quebec
G3M,Donnacona,Quebec
G3Z,Baie-Saint-Paul,Quebec
G4A,Clermont,Quebec
G4R,Sept-Îles Southeast,Quebec
G4S,Sept-Îles Northwest,Quebec
G4T,Les Îles-De-La- Madeleine,Quebec
G4V,Sainte-Anne- Des-Monts,Quebec
G4W,Matane,Quebec
G4X,Gaspé,Quebec
G4Z,Baie-Comeau Northeast,Quebec
G5A,La Malbaie,Quebec
G5B,Port-Cartier,Quebec
G5C,Baie-Comeau Southwest,Quebec
G5H,Mont-Joli,Quebec
G5J,Amqui,Quebec
G5L,Rimouski Central,Quebec
G5M,Rimouski Northeast,Quebec
G5N,Rimouski Southwest,Quebec
G5R,Rivière-du-Loup,Quebec
G5T,Degelis,Quebec
G5V,Montmagny,Quebec
G5X,Beauceville,Quebec
G5Y,Saint-Georges Central,Quebec
G5Z,Saint-Georges Southeast,Quebec
G6A,Saint-Georges Northwest,Quebec
G6B,Lac-Megantic,Quebec
G6C,Pintendre,Quebec
G6E,Sainte-Marie,Quebec
G6G,Thetford Mines,Quebec
G6H,Black Lake,Quebec
G6J,Saint-Etienne- De-Lauzon,Quebec
G6K,Saint- Redempteur,Quebec
G6L,Plessisville,Quebec
G6P,Victoriaville Central,Quebec
G6R,Victoriaville South,Quebec
G6S,Victoriaville East,Quebec
G6T,Victoriaville Northwest,Quebec
G6V,Lévis North,Quebec
G6W,Lévis South,Quebec
G6X,Charny,Quebec
G6Z,Saint-Jean- Chrysostome,Quebec
G7A,Saint-Nicolas,Quebec
G7B,La Baie,Quebec
G7G,Chicoutimi North,Quebec
G7H,Chicoutimi East,Quebec
G7J,Chicoutimi West,Quebec
G7K,Chicoutimi Southwest,Quebec
G7N,Laterrière,Quebec
G7P,Saint-Ambroise,Quebec
G7S,Jonquière Northeast,Quebec
G7T,Jonquière Southeast,Quebec
G7X,Jonquière Central,Quebec
G7Y,Jonquière Southwest,Quebec
G7Z,Jonquière Northwest,Quebec
G8A,Jonquière West,Quebec
G8B,Alma Southeast,Quebec
G8C,Alma Southwest,Quebec
G8E,Alma North,Quebec
G8G,Métabetchouan- Lac-a-la-Croix,Quebec
G8H,Roberval,Quebec
G8J,Saint-Prime,Quebec
G8K,Saint-Félicien,Quebec
G8L,Dolbeau- Mistassini,Quebec
G8M,Albanel,Quebec
G8N,Hébertville,Quebec
G8P,Chibougamau,Quebec
G8T,Cap-de-la- Madeleine Central and southeast,Quebec
G8V,Cap-de-la- Madeleine Northeast,Quebec
G8W,Cap-de-la- Madeleine West,Quebec
G8Y,Trois-Rivières Central,Quebec
G8Z,Trois-Rivières Northeast,Quebec
G9A,Trois-Rivières East,Quebec
G9B,Trois-Rivières South,Quebec
G9C,Trois-Rivières West,Quebec
G9H,Becancour,Quebec
G9N,Shawinigan Central,Quebec
G9P,Shawinigan Southeast,Quebec
G9R,Shawinigan Northwest,Quebec
G9T,Grand-Mère,Quebec
G9X,La Tuque,Quebec
H0H,Reserved (Santa Claus),Quebec
H0M,Akwesasne Region (Akwesasne),Quebec
H1A,Pointe-Aux-Trembles,Quebec
H1B,Montreal East,Quebec
H1C,Rivière-des-Prairies Northeast,Quebec
H1E,Rivière-Des-Prairies Southwest,Quebec
H1G,Montreal North North,Quebec
H1H,Montreal North South,Quebec
H1J,Anjou West,Quebec
H1K,Anjou East,Quebec
H1L,Mercier North,Quebec
H1M,Mercier West,Quebec
H1N,Mercier Southeast,Quebec
H1P,Saint-Léonard North,Quebec
H1R,Saint-Léonard West,Quebec
H1S,Saint-Léonard Southeast,Quebec
H1T,Rosemont North,Quebec
H1V,Maisonneuve,Quebec
H1W,Hochelaga,Quebec
H1X,Rosemont Central,Quebec
H1Y,Rosemont South,Quebec
H1Z,Saint-Michel West,Quebec
H2A,Saint-Michel East,Quebec
H2B,Ahuntsic North,Quebec
H2C,Ahuntsic Central,Quebec
H2E,Villeray Northeast,Quebec
H2G,Petite-Patrie Northeast,Quebec
H2H,Plateau Mont-Royal North,Quebec
H2J,Plateau Mont-Royal North Central,Quebec
H2K,Centre-Sud North,Quebec
H2L,Centre-Sud South,Quebec
H2M,Ahuntsic East,Quebec
H2N,Ahuntsic Southeast,Quebec
H2P,Villeray West,Quebec
H2R,Villeray Southeast,Quebec
H2S,Petite-Patrie Southwest,Quebec
H2T,Plateau Mont-Royal West,Quebec
H2V,Outremont,Quebec
H2W,Plateau Mont-Royal South Central,Quebec
H2X,Plateau Mont-Royal Southeast,Quebec
H2Y,Old Montreal,Quebec
H2Z,Downtown Montreal Northeast,Quebec
H3A,Downtown Montreal North,Quebec
H3B,Downtown Montreal East,Quebec
H3C,Griffintown (Includes Île Notre-Dame & Île Sainte-Hélène),Quebec
H3E,L'Île-Des-Soeurs,Quebec
H3G,Downtown Montreal Southeast,Quebec
H3H,Downtown Montreal South & West,Quebec
H3J,Petite-Bourgogne,Quebec
H3K,Pointe-Saint-Charles,Quebec
H3L,Ahuntsic Southwest,Quebec
H3M,Cartierville Northeast,Quebec
H3N,Parc-Extension,Quebec
H3P,Mount Royal North,Quebec
H3R,Mount Royal Central,Quebec
H3S,Côte-des-Neiges North,Quebec
H3T,Côte-des-Neiges Northeast,Quebec
H3V,Côte-des-Neiges East,Quebec
H3W,Côte-des-Neiges Southwest,Quebec
H3X,Hampstead,Quebec
H3Y,Westmount West,Quebec
H3Z,Westmount East,Quebec
H4A,Notre-Dame-de-GrÔce Northeast,Quebec
H4B,Notre-Dame-de-GrÔce Southwest,Quebec
H4C,Saint-Henri,Quebec
H4E,Ville Émard,Quebec
H4G,Verdun North,Quebec
H4H,Verdun South,Quebec
H4J,Cartierville Central,Quebec
H4K,Cartierville Southwest,Quebec
H4L,Saint-Laurent Inner Northeast,Quebec
H4M,Saint-Laurent East,Quebec
H4N,Saint-Laurent Outer Northeast,Quebec
H4P,Mount Royal South,Quebec
H4R,Saint-Laurent Central,Quebec
H4S,Saint-Laurent Southwest,Quebec
H4T,Saint-Laurent Southeast,Quebec
H4V,Côte-Saint-Luc East,Quebec
H4W,Côte-Saint-Luc West,Quebec
H4X,Montreal West,Quebec
H4Y,Dorval Central,Quebec
H4Z,Tour de la Bourse,Quebec
H5A,Place Bonaventure,Quebec
H5B,Place Desjardins,Quebec
H7A,Duvernay-Est,Quebec
H7B,Saint-Franþois,Quebec
H7C,Saint-Vincent-de-Paul,Quebec
H7E,Duvernay,Quebec
H7G,Pont-Viau,Quebec
H7H,Auteuil West,Quebec
H7J,Auteuil Northeast,Quebec
H7K,Auteuil South,Quebec
H7L,Sainte-Rose,Quebec
H7M,Vimont,Quebec
H7N,Laval-des-Rapides,Quebec
H7P,Fabreville,Quebec
H7R,Laval-sur-le-Lac,Quebec
H7S,Chomedey Northeast,Quebec
H7T,Chomedey Northwest,Quebec
H7V,Chomedey East,Quebec
H7W,Chomedey South,Quebec
H7X,Sainte-Dorothée,Quebec
H7Y,Îles-Laval,Quebec
H8N,LaSalle Northwest,Quebec
H8P,LaSalle Southeast,Quebec
H8R,Saint-Pierre,Quebec
H8S,Lachine East,Quebec
H8T,Lachine West,Quebec
H8Y,Roxboro,Quebec
H8Z,Pierrefonds,Quebec
H9A,Dollard-Des- Ormeaux Northwest,Quebec
H9B,Dollard-Des- Ormeaux East,Quebec
H9C,L'Île Bizard Northeast,Quebec
H9E,L'Île-Bizard Southwest,Quebec
H9G,Dollard-Des- Ormeaux Southwest,Quebec
H9H,Sainte-Geneviève,Quebec
H9J,Kirkland,Quebec
H9K,Senneville,Quebec
H9P,Dorval Outskirts,Quebec
H9R,Pointe-Claire,Quebec
H9S,L'Île-Dorval,Quebec
H9W,Beaconsfield,Quebec
H9X,Sainte-Anne-De- Bellevue,Quebec
J0A,Centre-du- Québec-Sud (Warwick),Quebec
J0B,Estrie-Est (Stanstead),Quebec
J0C,Centre-du- Québec-Ouest (Saint- Bonaventure),Quebec
J0E,Estrie-Ouest (Fulford),Quebec
J0G,Bois-Francs-Nord (Odanak),Quebec
J0H,Bois-Francs-Sud (Saint-Nazaire- D'Acton),Quebec
J0J,Montérégie-Est (Bedford),Quebec
J0K,Lanaudière-Nord (Saint-Esprit),Quebec
J0L,Montérégie-Nord (Saint-Antoine- Sur-Richelieu),Quebec
J0M,Nunavik (Kuujjuaq),Quebec
J0N,Région d'Oka (Oka),Quebec
J0P,Vaudreuil- Soulanges (Coteau-du-Lac),Quebec
J0R,Lanaudière-Sud (Prévost),Quebec
J0S,Montérégie- Ouest (Saint-Anicet),Quebec
J0T,Laurentides-Nord (Montcalm),Quebec
J0V,Laurentides-Sud (Chénéville),Quebec
J0W,Outaouais-Nord (Ferme-Neuve),Quebec
J0X,Outaouais-Sud (Thurso),Quebec
J0Y,Abitibi- Témiscamingue- Est (Radisson),Quebec
J0Z,Abitibi- Témiscamingue- Ouest (Guigues),Quebec
J1A,Coaticook,Quebec
J1E,Sherbrooke Northeast,Quebec
J1G,Sherbrooke East,Quebec
J1H,Sherbrooke Central,Quebec
J1J,Sherbrooke North,Quebec
J1K,Sherbrooke West,Quebec
J1L,Sherbrooke Northwest,Quebec
J1M,Sherbrooke Southeast,Quebec
J1N,Rock Forest,Quebec
J1S,Windsor,Quebec
J1T,Asbestos,Quebec
J1X,Magog,Quebec
J1Z,Saint-Cyrille- De-Wendover,Quebec
J2A,Drummondville Southeast,Quebec
J2B,Drummondville South,Quebec
J2C,Drummondville Central,Quebec
J2E,Drummondville Northwest,Quebec
J2G,Granby Central,Quebec
J2H,Granby East,Quebec
J2J,Granby West,Quebec
J2K,Cowansville,Quebec
J2L,Bromont,Quebec
J2N,Farnham,Quebec
J2R,Saint-Hyacinthe Northwest,Quebec
J2S,Saint-Hyacinthe Southwest,Quebec
J2T,Saint-Hyacinthe East,Quebec
J2W,Saint-Luc,Quebec
J2X,Saint-Jean- sur-Richelieu East,Quebec
J2Y,Saint-Jean- sur-Richelieu West,Quebec
J3A,Saint-Jean- sur-Richelieu North,Quebec
J3B,Saint-Jean- sur-Richelieu Central,Quebec
J3E,Sainte-Julie,Quebec
J3G,Beloeil West,Quebec
J3H,Beloeil East,Quebec
J3L,Chambly,Quebec
J3M,Marieville,Quebec
J3N,Saint-Basile- Le-Grand,Quebec
J3P,Sorel Central,Quebec
J3R,Sorel Southwest,Quebec
J3T,Nicolet,Quebec
J3V,Saint-Bruno,Quebec
J3X,Varennes,Quebec
J3Y,Saint-Hubert Central,Quebec
J3Z,Saint-Hubert East,Quebec
J4B,Boucherville,Quebec
J4G,Longueuil North,Quebec
J4H,Longueuil West,Quebec
J4J,Longueuil Central,Quebec
J4K,Longueuil Southwest,Quebec
J4L,Longueuil Southeast,Quebec
J4M,Longueuil East,Quebec
J4N,Longueuil Northeast,Quebec
J4P,Saint-Lambert North,Quebec
J4R,Saint-Lambert Central,Quebec
J4S,Saint-Lambert South,Quebec
J4T,Saint-Hubert West,Quebec
J4V,Greenfield Park,Quebec
J4W,Brossard Northwest,Quebec
J4X,Brossard Southwest,Quebec
J4Y,Brossard South,Quebec
J4Z,Brossard Northeast,Quebec
J5A,Saint-Constant,Quebec
J5B,Delson,Quebec
J5J,Saint-Sophie,Quebec
J5K,Saint-Colomban,Quebec
J5L,Saint-Jérôme West,Quebec
J5M,Saint-Lin- Laurentides,Quebec
J5R,La Prairie,Quebec
J5T,Lavaltrie,Quebec
J5V,Louiseville,Quebec
J5W,L'Assomption,Quebec
J5X,L'Épiphanie,Quebec
J5Y,Repentigny Northeast,Quebec
J5Z,Repentigny West,Quebec
J6A,Repentigny South,Quebec
J6E,Joliette,Quebec
J6J,ChÔteauguay North,Quebec
J6K,ChÔteauguay South,Quebec
J6N,Beauharnois,Quebec
J6R,Mercier,Quebec
J6S,Salaberry-de- Valleyfield North,Quebec
J6T,Salaberry-de- Valleyfield South,Quebec
J6V,Terrebonne East,Quebec
J6W,Terrebonne Central,Quebec
J6X,Terrebonne Northwest,Quebec
J6Y,Terrebonne Southwest,Quebec
J6Z,Sainte-Thérèse- de-Blainville Northeast,Quebec
J7A,Sainte-Thérèse- de-Blainville East,Quebec
J7B,Sainte-Thérèse- de-Blainville North,Quebec
J7C,Sainte-Thérèse- de-Blainville Northwest,Quebec
J7E,Sainte-Thérèse- de-Blainville Central,Quebec
J7G,Sainte-Thérèse- de-Blainville South,Quebec
J7H,Sainte-Thérèse- de-Blainville Southwest,Quebec
J7J,Mirabel Northeast,Quebec
J7K,Mascouche Extremities,Quebec
J7L,Mascouche Central,Quebec
J7M,La Plaine,Quebec
J7N,Mirabel Southwest,Quebec
J7P,Saint-Eustache Northeast,Quebec
J7R,Saint-Eustache Southwest,Quebec
J7T,Vaudreuil- Dorion RCM,Quebec
J7V,Vaudreuil- Dorion,Quebec
J7X,Valleyfield,Quebec
J7Y,Saint-Jérôme North,Quebec
J7Z,Saint-Jérôme Southeast,Quebec
J8A,Saint-Hippolyte,Quebec
J8B,Sainte-Adèle,Quebec
J8C,Sainte-Agathe- Des-Monts,Quebec
J8E,Mont-Tremblant,Quebec
J8G,Chatham,Quebec
J8H,Lachute,Quebec
J8L,Buckingham,Quebec
J8M,Masson-Angers,Quebec
J8N,Val-des-Monts,Quebec
J8P,Gatineau Southeast,Quebec
J8R,Gatineau Northeast,Quebec
J8T,Gatineau Southwest,Quebec
J8V,Gatineau Northwest,Quebec
J8X,Hull Southeast,Quebec
J8Y,Hull Central,Quebec
J8Z,Hull North,Quebec
J9A,Hull Southwest,Quebec
J9B,Chelsea,Quebec
J9E,Maniwaki,Quebec
J9H,Aylmer South,Quebec
J9J,Aylmer North,Quebec
J9L,Mont-Laurier,Quebec
J9P,Val-d'Or,Quebec
J9T,Amos,Quebec
J9V,Ville-Marie,Quebec
J9X,Rouyn-Noranda South,Quebec
J9Y,Rouyn-Noranda North,Quebec
J9Z,La Sarre,Quebec
S0A,Yorkton Region (Melville),Saskatchewan
S0C,Southeastern Saskatchewan (Carlyle),Saskatchewan
S0E,Eastern Saskatchewan (Melfort),Saskatchewan
S0G,South Central Saskatchewan (Fort Qu'Appelle),Saskatchewan
S0H,Southern Saskatchewan (Assiniboia),Saskatchewan
S0J,Northern Saskatchewan (La Ronge),Saskatchewan
S0K,Central Saskatchewan (Humboldt),Saskatchewan
S0L,Western Saskatchewan (Kindersley),Saskatchewan
S0M,Northwestern Saskatchewan (Battleford),Saskatchewan
S0N,Southwestern Saskatchewan (Maple Creek),Saskatchewan
S0P,Northeastern Saskatchewan (Creighton),Saskatchewan
S2V,Buena Vista,Saskatchewan
S3N,Yorkton,Saskatchewan
S4A,Estevan,Saskatchewan
S4H,Weyburn,Saskatchewan
S4L,Regina East,Saskatchewan
S4N,Regina Northeast and East Central,Saskatchewan
S4P,Regina Central,Saskatchewan
S4R,Regina North Central,Saskatchewan
S4S,Regina South Saskatchewan Provincial Government,Saskatchewan
S4T,Regina West,Saskatchewan
S4V,Regina Southeast,Saskatchewan
S4W,Regina Southwest,Saskatchewan
S4X,Regina Northwest,Saskatchewan
S4Y,Regina Outer Northwest,Saskatchewan
S4Z,Regina Northeast,Saskatchewan
S6H,Moose Jaw Southeast,Saskatchewan
S6J,Moose Jaw Northeast,Saskatchewan
S6K,Moose Jaw West,Saskatchewan
S6V,Prince Albert Central,Saskatchewan
S6W,Prince Albert Southwest,Saskatchewan
S6X,Prince Albert East,Saskatchewan
S7H,Saskatoon East Central,Saskatchewan
S7J,Saskatoon South Central,Saskatchewan
S7K,Saskatoon North Central,Saskatchewan
S7L,Saskatoon West,Saskatchewan
S7M,Saskatoon Southwest,Saskatchewan
S7N,Saskatoon Northeast Central,Saskatchewan
S7P,Saskatoon North,Saskatchewan
S7R,Saskatoon Northwest,Saskatchewan
S7S,Saskatoon Northeast,Saskatchewan
S7T,Saskatoon South,Saskatchewan
S7V,Saskatoon Southeast,Saskatchewan
S9A,North Battleford,Saskatchewan
S9H,Swift Current,Saskatchewan
S9V,Lloydminster,Saskatchewan
S9X,Meadow Lake,Saskatchewan
Y0A,Southeastern Yukon (Watson Lake),Yukon
Y0B,Central Yukon (Dawson City),Yukon
Y1A,Whitehorse,Yukon
